{"cameraMode":{"drawMode":0,"name":"Shaded","section":"Shading Mode"},"sceneLighting":false,"audioPlay":false,"sceneViewState":{"showFog":true,"showMaterialUpdate":true,"showSkybox":true,"showFlares":true,"showImageEffects":true,"showParticleSystems":true},"in2DMode":false,"pivot":{"x":-2.119622230529785,"y":2.2069525718688967,"z":0.9601132869720459},"rotation":{"x":0.04019341245293617,"y":-0.9070128202438355,"z":0.08899856358766556,"w":0.4096237123012543},"size":6.051967144012451,"orthographic":false}