{"cameraMode":{"drawMode":0,"name":"Shaded","section":"Shading Mode"},"sceneLighting":false,"audioPlay":false,"sceneViewState":{"showFog":true,"showMaterialUpdate":true,"showSkybox":true,"showFlares":true,"showImageEffects":true,"showParticleSystems":true},"in2DMode":false,"pivot":{"x":-8.300000190734864,"y":5.210000038146973,"z":2.869999885559082},"rotation":{"x":-0.07608429342508316,"y":0.7153944969177246,"z":-0.07887360453605652,"w":-0.6900730729103088},"size":23.349103927612306,"orthographic":false}